{"cameraMode":{"drawMode":0,"name":"Shaded","section":"Shading Mode"},"sceneLighting":false,"audioPlay":false,"sceneViewState":{"showFog":true,"showMaterialUpdate":false,"showSkybox":true,"showFlares":true,"showImageEffects":true,"showParticleSystems":true},"in2DMode":false,"pivot":{"x":756.3685913085938,"y":1248.38134765625,"z":1303.3785400390625},"rotation":{"x":0.038911908864974979,"y":0.6505940556526184,"z":-0.03341178223490715,"w":0.7576918601989746},"size":51.07740783691406,"orthographic":false}