{"cameraMode":{"drawMode":0,"name":"Shaded","section":"Shading Mode"},"sceneLighting":false,"audioPlay":false,"sceneViewState":{"showFog":true,"showMaterialUpdate":false,"showSkybox":true,"showFlares":true,"showImageEffects":true,"showParticleSystems":true},"in2DMode":false,"pivot":{"x":1060.767822265625,"y":1142.97412109375,"z":1776.9647216796875},"rotation":{"x":-0.24445578455924989,"y":-0.3124963939189911,"z":0.08356929570436478,"w":-0.9141135215759277},"size":43.6833381652832,"orthographic":false}