{"cameraMode":{"drawMode":0,"name":"Shaded","section":"Shading Mode"},"sceneLighting":false,"audioPlay":false,"sceneViewState":{"showFog":true,"showMaterialUpdate":false,"showSkybox":true,"showFlares":true,"showImageEffects":true,"showParticleSystems":true},"in2DMode":false,"pivot":{"x":962.2387084960938,"y":1168.1318359375,"z":1334.856689453125},"rotation":{"x":0.2307104468345642,"y":-0.004960248246788979,"z":0.0011755997547879816,"w":0.9730091094970703},"size":162.7299346923828,"orthographic":false}