{"cameraMode":{"drawMode":0,"name":"Shaded","section":"Shading Mode"},"sceneLighting":false,"audioPlay":false,"sceneViewState":{"showFog":true,"showMaterialUpdate":false,"showSkybox":true,"showFlares":true,"showImageEffects":true,"showParticleSystems":true},"in2DMode":false,"pivot":{"x":9.582688331604004,"y":6.519787311553955,"z":9.387887001037598},"rotation":{"x":-0.08514586836099625,"y":0.8639678955078125,"z":-0.15615561604499818,"w":-0.47108933329582217},"size":4.785501956939697,"orthographic":false}