{"cameraMode":{"drawMode":0,"name":"Shaded","section":"Shading Mode"},"sceneLighting":false,"audioPlay":false,"sceneViewState":{"showFog":true,"showMaterialUpdate":false,"showSkybox":true,"showFlares":true,"showImageEffects":true,"showParticleSystems":true},"in2DMode":false,"pivot":{"x":3314.40869140625,"y":1122.34765625,"z":-312.98541259765627},"rotation":{"x":0.08870016038417816,"y":-0.18035250902175904,"z":0.016332197934389116,"w":0.9794583320617676},"size":2723.163818359375,"orthographic":false}