{"cameraMode":{"drawMode":0,"name":"Shaded","section":"Shading Mode"},"sceneLighting":false,"audioPlay":false,"sceneViewState":{"showFog":true,"showMaterialUpdate":false,"showSkybox":true,"showFlares":true,"showImageEffects":true,"showParticleSystems":true},"in2DMode":false,"pivot":{"x":518.0393676757813,"y":1307.73095703125,"z":1379.614501953125},"rotation":{"x":-0.008955110795795918,"y":0.560141921043396,"z":-0.006055757403373718,"w":-0.8283261656761169},"size":153.50982666015626,"orthographic":false}