{"cameraMode":{"drawMode":0,"name":"Shaded","section":"Shading Mode"},"sceneLighting":false,"audioPlay":false,"sceneViewState":{"showFog":true,"showMaterialUpdate":false,"showSkybox":true,"showFlares":true,"showImageEffects":true,"showParticleSystems":true},"in2DMode":false,"pivot":{"x":-1.7923346757888795,"y":-1.3147536516189576,"z":0.8521277904510498},"rotation":{"x":0.054089196026325229,"y":-0.9458783268928528,"z":0.2302810251712799,"w":0.22216936945915223},"size":77.21571350097656,"orthographic":false}