{"cameraMode":{"drawMode":0,"name":"Shaded","section":"Shading Mode"},"sceneLighting":false,"audioPlay":false,"sceneViewState":{"showFog":true,"showMaterialUpdate":false,"showSkybox":true,"showFlares":true,"showImageEffects":true,"showParticleSystems":true},"in2DMode":false,"pivot":{"x":1100.6070556640625,"y":1135.19287109375,"z":1574.5994873046875},"rotation":{"x":-0.00006877721898490563,"y":0.9983239769935608,"z":0.0011885539861395956,"w":0.05786094442009926},"size":71.89730072021485,"orthographic":false}