{"cameraMode":{"drawMode":0,"name":"Shaded","section":"Shading Mode"},"sceneLighting":false,"audioPlay":false,"sceneViewState":{"showFog":true,"showMaterialUpdate":false,"showSkybox":true,"showFlares":true,"showImageEffects":true,"showParticleSystems":true},"in2DMode":false,"pivot":{"x":657.75146484375,"y":1240.46630859375,"z":1891.9757080078125},"rotation":{"x":0.09540561586618424,"y":-0.31675052642822268,"z":0.03204112499952316,"w":0.9431544542312622},"size":89.90164947509766,"orthographic":false}