{"cameraMode":{"drawMode":0,"name":"Shaded","section":"Shading Mode"},"sceneLighting":false,"audioPlay":false,"sceneViewState":{"showFog":true,"showMaterialUpdate":false,"showSkybox":true,"showFlares":true,"showImageEffects":true,"showParticleSystems":true},"in2DMode":false,"pivot":{"x":1839.11669921875,"y":1130.11669921875,"z":1547.123291015625},"rotation":{"x":-0.23066774010658265,"y":0.6774712800979614,"z":-0.23798082768917085,"w":-0.656650722026825},"size":65.15352630615235,"orthographic":false}