{"cameraMode":{"drawMode":0,"name":"Shaded","section":"Shading Mode"},"sceneLighting":false,"audioPlay":false,"sceneViewState":{"showFog":true,"showMaterialUpdate":false,"showSkybox":true,"showFlares":true,"showImageEffects":true,"showParticleSystems":true},"in2DMode":false,"pivot":{"x":922.7999877929688,"y":1164.0999755859375,"z":1063.0999755859375},"rotation":{"x":0.09347055852413178,"y":-0.7405797243118286,"z":0.10535386949777603,"w":0.6570430397987366},"size":116.67262268066406,"orthographic":false}