{"cameraMode":{"drawMode":0,"name":"Shaded","section":"Shading Mode"},"sceneLighting":false,"audioPlay":false,"sceneViewState":{"showFog":true,"showMaterialUpdate":false,"showSkybox":true,"showFlares":true,"showImageEffects":true,"showParticleSystems":true},"in2DMode":false,"pivot":{"x":204.0321044921875,"y":94.0,"z":193.62152099609376},"rotation":{"x":0.09347055852413178,"y":-0.7405797243118286,"z":0.10535386949777603,"w":0.6570430397987366},"size":9.677635192871094,"orthographic":false}