{"cameraMode":{"drawMode":0,"name":"Shaded","section":"Shading Mode"},"sceneLighting":false,"audioPlay":false,"sceneViewState":{"showFog":true,"showMaterialUpdate":false,"showSkybox":true,"showFlares":true,"showImageEffects":true,"showParticleSystems":true},"in2DMode":false,"pivot":{"x":1132.076416015625,"y":1250.7913818359375,"z":1205.4466552734375},"rotation":{"x":0.27728909254074099,"y":-0.7030526995658875,"z":-0.3537626564502716,"w":-0.5510714054107666},"size":106.84629821777344,"orthographic":false}