{"cameraMode":{"drawMode":0,"name":"Shaded","section":"Shading Mode"},"sceneLighting":false,"audioPlay":false,"sceneViewState":{"showFog":true,"showMaterialUpdate":false,"showSkybox":true,"showFlares":true,"showImageEffects":true,"showParticleSystems":true},"in2DMode":false,"pivot":{"x":952.9320678710938,"y":1150.934814453125,"z":1243.012939453125},"rotation":{"x":-0.07153258472681046,"y":0.8883009552955627,"z":-0.14819735288619996,"w":-0.428768128156662},"size":11.45968246459961,"orthographic":false}