{"cameraMode":{"drawMode":0,"name":"Shaded","section":"Shading Mode"},"sceneLighting":false,"audioPlay":false,"sceneViewState":{"showFog":true,"showMaterialUpdate":false,"showSkybox":true,"showFlares":true,"showImageEffects":true,"showParticleSystems":true},"in2DMode":false,"pivot":{"x":-3.9710118770599367,"y":-1.6124500036239625,"z":-5.323453426361084},"rotation":{"x":-0.03461306914687157,"y":0.8699731230735779,"z":-0.06170562282204628,"w":-0.48799705505371096},"size":1.0913734436035157,"orthographic":false}