{"cameraMode":{"drawMode":0,"name":"Shaded","section":"Shading Mode"},"sceneLighting":false,"audioPlay":false,"sceneViewState":{"showFog":true,"showMaterialUpdate":false,"showSkybox":true,"showFlares":true,"showImageEffects":true,"showParticleSystems":true},"in2DMode":false,"pivot":{"x":1883.68359375,"y":1143.6134033203125,"z":1529.1807861328125},"rotation":{"x":-0.25293317437171938,"y":0.5891416668891907,"z":-0.20121297240257264,"w":-0.7405742406845093},"size":65.44451904296875,"orthographic":false}