{"cameraMode":{"drawMode":0,"name":"Shaded","section":"Shading Mode"},"sceneLighting":false,"audioPlay":false,"sceneViewState":{"showFog":true,"showMaterialUpdate":false,"showSkybox":true,"showFlares":true,"showImageEffects":true,"showParticleSystems":true},"in2DMode":false,"pivot":{"x":-1.2151503562927247,"y":-0.7257878184318543,"z":-2.266918182373047},"rotation":{"x":0.0008789905696175993,"y":0.9990972280502319,"z":-0.033291690051555637,"w":0.02637563832104206},"size":10.526167869567871,"orthographic":false}