{"cameraMode":{"drawMode":0,"name":"Shaded","section":"Shading Mode"},"sceneLighting":false,"audioPlay":false,"sceneViewState":{"showFog":true,"showMaterialUpdate":false,"showSkybox":true,"showFlares":true,"showImageEffects":true,"showParticleSystems":true},"in2DMode":false,"pivot":{"x":1440.45947265625,"y":1138.65869140625,"z":1515.2281494140625},"rotation":{"x":0.2307104468345642,"y":-0.004960248246788979,"z":0.0011755997547879816,"w":0.9730091094970703},"size":123.9195556640625,"orthographic":false}