{"cameraMode":{"drawMode":0,"name":"Shaded","section":"Shading Mode"},"sceneLighting":false,"audioPlay":false,"sceneViewState":{"showFog":true,"showMaterialUpdate":false,"showSkybox":true,"showFlares":true,"showImageEffects":true,"showParticleSystems":true},"in2DMode":false,"pivot":{"x":1057.33984375,"y":1135.75537109375,"z":1748.75634765625},"rotation":{"x":0.05382286757230759,"y":0.9450696706771851,"z":-0.20323075354099275,"w":0.250287264585495},"size":261.5190734863281,"orthographic":false}