{"cameraMode":{"drawMode":0,"name":"Shaded","section":"Shading Mode"},"sceneLighting":false,"audioPlay":false,"sceneViewState":{"showFog":true,"showMaterialUpdate":false,"showSkybox":true,"showFlares":true,"showImageEffects":true,"showParticleSystems":true},"in2DMode":false,"pivot":{"x":1857.48046875,"y":1139.1046142578125,"z":1542.566650390625},"rotation":{"x":0.09973173588514328,"y":0.9002638459205627,"z":-0.2981506586074829,"w":0.30113938450813296},"size":43.44949722290039,"orthographic":false}