{"cameraMode":{"drawMode":0,"name":"Shaded","section":"Shading Mode"},"sceneLighting":false,"audioPlay":false,"sceneViewState":{"showFog":true,"showMaterialUpdate":false,"showSkybox":true,"showFlares":true,"showImageEffects":true,"showParticleSystems":true},"in2DMode":false,"pivot":{"x":1030.90869140625,"y":1145.5057373046875,"z":1777.7440185546875},"rotation":{"x":-0.16805362701416017,"y":-0.027231525629758836,"z":0.004643212538212538,"w":-0.9853907227516174},"size":3526.7197265625,"orthographic":false}